,project,bug_id,smartcommit_rand_index,flexeme_rand_index,file_rand_index,files_updated,test_files_updated,hunks,average_hunk_size,code_changed_lines,noncode_changed_lines,tangled_lines,tangled_hunks
0,Cli,10,1.0,0.0,1.0,1,1,1,2.0,2,23,0.0,0
1,Cli,11,1.0,1.0,1.0,1,1,1,2.0,2,16,0.0,0
2,Cli,12,0.4818840579710144,0.6557971014492754,0.6557971014492754,1,1,7,3.4285714285714284,24,58,2.0,2
3,Cli,13,1.0,0.6857142857142857,0.780952380952381,4,1,6,2.5,15,19,0.0,0
4,Cli,14,0.4666666666666667,0.4666666666666667,0.4666666666666667,1,1,3,3.333333333333333,10,69,1.0,1
5,Cli,15,0.5844155844155844,0.5844155844155844,0.5844155844155844,1,1,5,4.4,22,126,2.0,0
6,Cli,16,0.7794117647058824,0.7794117647058824,0.3602941176470588,4,1,7,2.4285714285714284,17,150,0.0,0
7,Cli,17,0.9130434782608696,0.9130434782608696,0.9130434782608696,1,1,11,2.090909090909091,23,31,0.0,0
8,Cli,18,0.4736842105263157,0.5847953216374269,0.5087719298245614,1,1,8,2.375,19,19,0.0,0
9,Cli,19,1.0,1.0,1.0,1,1,3,1.0,3,16,0.0,0
10,Cli,1,0.5221318879855466,0.4680672268907563,0.7919301415236375,2,1,16,5.125,82,79,2.0,2
11,Cli,20,1.0,0.8333333333333334,1.0,1,1,3,4.0,12,16,0.0,0
12,Cli,21,0.4751020408163265,0.4914285714285714,0.4979591836734693,3,1,10,5.0,50,101,0.0,3
13,Cli,22,0.6471774193548387,0.4979838709677419,0.5564516129032258,1,0,14,2.2857142857142856,32,6,0.0,0
14,Cli,23,1.0,1.0,1.0,1,1,2,4.5,9,8,0.0,0
15,Cli,24,1.0,1.0,1.0,1,1,1,3.0,3,42,0.0,0
16,Cli,25,1.0,1.0,1.0,1,1,1,2.0,2,25,0.0,0
17,Cli,26,0.7142857142857143,0.7142857142857143,0.7142857142857143,1,1,5,1.4,7,29,0.0,0
18,Cli,27,1.0,0.4725274725274725,0.5054945054945055,2,0,4,3.5,14,70,0.0,0
19,Cli,28,1.0,0.0,1.0,1,1,1,2.0,2,4,0.0,0
20,Cli,29,0.6111111111111112,0.6111111111111112,0.6111111111111112,1,1,2,4.5,9,5,1.0,2
21,Cli,2,0.4,0.4,0.4,1,1,2,2.5,5,51,0.0,0
22,Cli,30,0.6473684210526316,0.9,0.4736842105263157,2,1,6,3.333333333333333,20,63,0.0,0
23,Cli,31,0.5147058823529411,0.5147058823529411,0.5882352941176471,3,1,7,2.4285714285714284,17,25,0.0,0
24,Cli,32,0.3333333333333333,0.7222222222222222,0.3333333333333333,1,1,2,4.5,9,29,0.0,1
25,Cli,33,1.0,0.4853801169590643,1.0,1,1,2,9.5,19,35,0.0,0
26,Cli,34,0.7192982456140351,0.8011695906432749,0.4853801169590643,4,2,9,2.111111111111111,19,25,1.0,1
27,Cli,35,1.0,0.3333333333333333,1.0,1,1,1,3.0,3,30,0.0,0
28,Cli,36,1.0,1.0,0.3333333333333333,2,1,2,2.0,4,110,0.0,0
29,Cli,37,1.0,0.75,1.0,1,1,1,8.0,8,61,0.0,0
30,Cli,38,1.0,1.0,1.0,1,1,1,6.0,6,24,0.0,0
31,Cli,39,1.0,1.0,1.0,1,1,2,6.5,13,34,0.0,0
32,Cli,3,1.0,0.6373626373626373,0.7362637362637363,2,1,3,4.666666666666667,14,20,0.0,0
33,Cli,40,1.0,1.0,1.0,1,1,1,2.0,2,10,0.0,0
34,Cli,4,1.0,1.0,1.0,1,1,1,4.0,4,22,0.0,0
35,Cli,5,1.0,1.0,1.0,1,2,1,3.0,3,64,0.0,0
36,Cli,7,1.0,0.0,1.0,1,0,1,2.0,2,2,0.0,0
37,Cli,8,1.0,0.0,1.0,1,1,1,2.0,2,12,0.0,0
38,Cli,9,1.0,1.0,1.0,1,2,2,1.5,3,32,0.0,0
39,Closure,100,0.5907692307692308,0.556923076923077,0.5907692307692308,28,7,7,3.7142857142857135,26,162,1.0,1
40,Closure,101,1.0,0.4642857142857143,1.0,2,1,4,2.0,8,7,0.0,0
41,Closure,102,1.0,0.4666666666666667,1.0,2,1,4,1.5,6,24,0.0,0
42,Closure,103,0.5151515151515151,0.4393939393939394,0.5909090909090909,2,3,4,3.0,12,58,0.0,0
43,Closure,104,1.0,0.0,1.0,1,1,1,2.0,2,18,0.0,0
44,Closure,105,1.0,1.0,1.0,1,1,5,2.4,12,14,0.0,0
45,Closure,106,0.4666666666666667,0.6666666666666666,0.4666666666666667,2,2,3,2.0,6,25,0.0,0
46,Closure,107,0.4871794871794871,0.8461538461538461,1.0,3,1,4,3.25,13,14,0.0,0
47,Closure,108,1.0,0.4,1.0,1,1,4,1.25,5,20,0.0,0
48,Closure,109,0.4444444444444444,0.4444444444444444,0.4444444444444444,1,1,2,4.5,9,19,1.0,1
49,Closure,10,0.9411764705882352,0.9411764705882352,0.9411764705882352,1,1,7,4.857142857142857,34,11,1.0,1
50,Closure,110,0.7612903225806451,0.7612903225806451,0.632258064516129,2,1,6,5.166666666666667,31,37,1.0,2
51,Closure,111,1.0,0.3333333333333333,1.0,1,1,1,3.0,3,4,0.0,0
52,Closure,112,0.4725274725274725,0.6373626373626373,0.4725274725274725,1,1,2,7.0,14,45,2.0,1
53,Closure,113,1.0,0.0,1.0,1,1,1,2.0,2,17,0.0,0
54,Closure,114,1.0,0.4,0.4,1,1,2,2.5,5,20,0.0,0
55,Closure,115,0.5909090909090909,0.5909090909090909,0.5909090909090909,1,2,2,6.0,12,123,2.0,1
56,Closure,116,1.0,1.0,1.0,1,2,2,6.0,12,123,0.0,0
57,Closure,117,0.8466666666666667,0.8466666666666667,0.8466666666666667,1,1,3,8.333333333333334,25,26,2.0,1
58,Closure,118,0.5,0.5,0.5,1,1,3,3.0,9,39,0.0,0
59,Closure,119,1.0,1.0,1.0,1,2,1,1.0,1,18,0.0,0
60,Closure,11,1.0,1.0,1.0,1,2,1,2.0,2,34,0.0,0
61,Closure,120,1.0,0.3333333333333333,1.0,1,2,1,3.0,3,11,0.0,0
62,Closure,121,0.6631578947368421,0.4947368421052631,0.7315789473684211,2,1,2,10.0,20,18,0.0,1
63,Closure,122,0.4,0.5238095238095238,0.4,1,1,1,5.0,5,28,1.0,1
64,Closure,123,0.6,0.4,0.6,1,1,3,1.6666666666666667,5,3,1.0,0
65,Closure,124,0.6444444444444445,0.5333333333333333,0.6444444444444445,1,1,2,5.0,10,4,0.0,1
66,Closure,125,0.3333333333333333,0.3333333333333333,0.3333333333333333,1,1,2,2.0,4,17,0.0,0
67,Closure,126,1.0,0.1666666666666666,1.0,2,2,1,4.0,4,27,0.0,0
68,Closure,127,1.0,0.4363636363636363,1.0,1,1,2,5.5,11,105,0.0,0
69,Closure,128,1.0,0.6,1.0,1,1,2,2.5,5,4,0.0,0
70,Closure,129,1.0,1.0,1.0,1,1,1,3.0,3,20,0.0,0
71,Closure,12,0.4545454545454545,0.4696969696969697,0.4545454545454545,1,2,2,6.0,12,32,0.0,1
72,Closure,130,1.0,0.0,1.0,1,1,1,2.0,2,18,0.0,0
73,Closure,131,0.4642857142857143,0.5714285714285714,0.5714285714285714,1,1,3,2.6666666666666665,8,3,1.0,2
74,Closure,132,1.0,0.5,1.0,1,1,1,4.0,4,26,0.0,0
75,Closure,133,0.8461538461538461,0.8461538461538461,0.8461538461538461,1,1,5,2.6,13,9,0.0,1
76,Closure,134,0.5051072522982636,0.5610316649642493,0.4729315628192033,11,6,29,3.0689655172413794,89,295,1.0,2
77,Closure,135,0.6307692307692307,0.5476190476190477,0.8307692307692308,5,3,7,3.7142857142857135,26,170,0.0,2
78,Closure,136,0.7345399698340875,0.519916142557652,0.8793363499245852,3,4,6,8.666666666666666,52,118,0.0,0
79,Closure,137,0.8797331109257714,0.5761467889908257,0.8160133444537114,3,2,19,5.789473684210527,110,199,1.0,4
80,Closure,138,0.9648278415401704,0.6985645933014354,0.7552758237689745,3,2,16,4.625,74,87,0.0,2
81,Closure,139,0.7163120567375887,0.5051020408163265,0.776595744680851,5,1,10,4.8,48,259,0.0,1
82,Closure,13,1.0,1.0,1.0,1,1,2,2.5,5,69,1.0,0
83,Closure,140,0.9425733784608556,0.8957659987071752,0.8811518615102925,2,2,100,2.69,269,145,0.0,0
84,Closure,141,0.9354947652819994,0.5985519353940406,0.9929078014184396,6,3,37,5.108108108108108,189,188,0.0,9
85,Closure,142,0.8471177944862155,0.913192071086808,0.6652996126680337,6,2,31,4.290322580645161,133,291,0.0,1
86,Closure,143,0.6153846153846154,0.6693877551020408,0.6153846153846154,4,2,16,2.5,40,30,2.0,2
87,Closure,144,0.5157894736842106,0.5526315789473685,0.7007017543859649,4,9,15,5.066666666666666,76,368,1.0,2
88,Closure,145,0.4902482269503546,0.6205673758865248,0.5611702127659575,2,1,13,3.692307692307693,48,36,0.0,1
89,Closure,146,1.0,0.9877052310042,1.0,10,7,130,3.7384615384615385,486,80,0.0,0
90,Closure,147,0.4974226804123711,0.8470790378006873,0.8490120274914089,8,4,38,2.5526315789473686,97,53,0.0,2
91,Closure,148,0.8901596078924218,0.5004241910071506,0.8293326630639688,3,2,42,5.214285714285714,219,170,6.0,2
92,Closure,149,0.4912648497554158,0.5155844155844156,0.5087351502445842,8,1,17,3.176470588235294,54,360,1.0,2
93,Closure,14,1.0,0.0,1.0,2,2,1,2.0,2,20,0.0,0
94,Closure,150,0.8926859402026193,0.8933992836431861,0.8926859402026193,1,1,19,15.0,285,212,0.0,5
95,Closure,151,1.0,0.4615384615384615,1.0,1,1,3,4.333333333333333,13,45,0.0,0
96,Closure,152,1.0,0.5907692307692308,1.0,3,1,5,4.8,24,41,0.0,1
97,Closure,153,0.8773135906927552,0.4690220174091142,0.6573241671073506,3,1,24,2.583333333333333,62,129,0.0,1
98,Closure,154,0.5389277389277389,0.4839160839160839,0.509090909090909,2,1,13,5.076923076923077,66,29,2.0,2
99,Closure,155,0.7518796992481203,0.4511278195488721,0.4237867395762132,3,1,10,7.7,77,161,1.0,1
100,Closure,156,0.5560253699788583,0.5555555555555556,0.5560253699788583,1,1,17,2.588235294117647,44,92,1.0,1
101,Closure,157,0.6153846153846154,0.5699633699633699,0.607081807081807,5,7,15,6.066666666666666,91,167,1.0,4
102,Closure,158,0.9619118745332338,0.5560119492158327,0.4432412247946228,3,1,15,6.933333333333334,104,68,0.0,0
103,Closure,159,0.706280193236715,0.5843137254901961,0.7681159420289855,1,1,5,9.2,46,59,1.0,1
104,Closure,15,1.0,1.0,1.0,1,2,1,3.0,3,10,0.0,0
105,Closure,160,1.0,0.8970398970398971,1.0,2,2,8,18.5,148,112,0.0,0
106,Closure,161,0.9259980525803312,0.9259980525803312,0.9259980525803312,1,1,3,26.33333333333333,79,33,0.0,2
107,Closure,162,0.4780915287244401,0.572865952612788,0.5092502434274586,2,1,16,4.9375,79,43,1.0,4
108,Closure,163,0.8348305318269496,0.5704823460285241,0.8536786993662165,2,1,45,4.2444444444444445,191,192,-1.0,2
109,Closure,164,0.678030303030303,0.5416666666666666,0.8825757575757576,2,4,7,4.714285714285714,33,105,0.0,0
110,Closure,165,0.6586059743954481,0.6913229018492176,0.4722617354196302,4,1,12,3.1666666666666665,38,30,1.0,3
111,Closure,166,0.6206896551724138,0.6600985221674877,0.5566502463054187,5,1,8,3.625,29,24,0.0,1
112,Closure,167,0.7079037800687286,0.594286941580756,0.7079037800687286,2,3,10,9.7,97,63,9.0,4
113,Closure,168,0.9298701298701298,0.9298701298701298,0.6181818181818182,5,1,14,4.0,56,82,0.0,0
114,Closure,169,0.6922675026123302,0.5074056378404205,0.3644200626959247,6,2,34,2.588235294117647,88,174,3.0,6
115,Closure,16,0.4935064935064935,0.5144927536231884,0.4935064935064935,1,2,4,5.5,22,34,3.0,4
116,Closure,170,0.5435540069686411,0.494773519163763,0.5435540069686411,3,1,10,4.2,42,20,0.0,1
117,Closure,171,0.5238095238095238,0.5238095238095238,0.6851851851851852,3,2,7,4.0,28,31,0.0,0
118,Closure,172,0.4642857142857143,0.5714285714285714,0.5714285714285714,1,1,3,2.6666666666666665,8,33,0.0,0
119,Closure,173,0.6705882352941176,0.5361344537815126,0.6705882352941176,2,5,3,11.666666666666666,35,41,0.0,0
120,Closure,174,0.4285714285714285,0.5844155844155844,0.4285714285714285,3,1,9,2.4444444444444446,22,26,0.0,0
121,Closure,175,0.8576923076923076,0.8576923076923076,0.9025641025641026,1,2,7,5.714285714285714,40,150,0.0,1
122,Closure,176,0.717948717948718,0.6153846153846154,0.717948717948718,1,2,3,4.333333333333333,13,68,1.0,1
123,Closure,17,0.6,0.6,0.6,1,1,1,5.0,5,22,2.0,1
124,Closure,18,0.3333333333333333,0.3333333333333333,0.3333333333333333,1,1,1,3.0,3,21,1.0,1
125,Closure,19,1.0,0.0,1.0,1,1,1,2.0,2,9,0.0,0
126,Closure,1,1.0,0.0,1.0,1,3,1,3.0,3,36,0.0,0
127,Closure,20,1.0,0.0,1.0,1,1,1,3.0,3,9,0.0,0
128,Closure,21,0.5050798258345428,0.6983164983164983,0.5312046444121916,2,1,7,7.571428571428571,53,22,13.0,4
129,Closure,22,0.5181422351233672,0.4591194968553459,0.4876632801161103,2,1,7,7.571428571428571,53,22,6.0,3
130,Closure,23,0.4615384615384615,0.4615384615384615,0.4615384615384615,1,1,1,14.0,14,5,1.0,1
131,Closure,24,0.7142857142857143,0.2909090909090909,1.0,1,1,3,2.333333333333333,7,14,0.0,0
132,Closure,25,0.5714285714285714,0.3888888888888889,0.5714285714285714,1,1,4,2.0,8,27,-1.0,1
133,Closure,26,1.0,0.6,1.0,1,2,3,1.6666666666666667,5,39,0.0,0
134,Closure,27,0.5909090909090909,0.4696969696969697,0.5909090909090909,1,1,4,3.0,12,92,0.0,0
135,Closure,28,1.0,0.5578947368421052,1.0,3,2,8,2.375,19,22,0.0,0
136,Closure,29,1.0,1.0,1.0,1,2,3,3.333333333333333,10,64,0.0,0
137,Closure,2,0.4444444444444444,0.4444444444444444,0.4444444444444444,1,1,1,9.0,9,15,0.0,1
138,Closure,30,0.6571428571428571,0.4666666666666667,0.5238095238095238,2,1,4,3.75,15,51,0.0,1
139,Closure,31,1.0,1.0,1.0,1,1,1,1.0,1,15,0.0,0
140,Closure,32,0.4857142857142857,0.4857142857142857,0.4857142857142857,1,2,6,6.0,36,38,0.0,3
141,Closure,33,1.0,0.3333333333333333,1.0,1,1,1,3.0,3,44,0.0,0
142,Closure,34,0.8468468468468469,0.6891891891891891,0.8468468468468469,2,1,7,5.285714285714286,37,44,3.0,1
143,Closure,35,0.514799154334038,0.5191919191919192,1.0,5,1,5,8.8,44,35,0.0,0
144,Closure,36,1.0,0.4666666666666667,0.4,1,1,3,2.0,6,29,0.0,0
145,Closure,37,0.4666666666666667,0.6666666666666666,0.4666666666666667,2,1,2,3.0,6,37,0.0,0
146,Closure,38,0.4,0.4,0.4,1,1,2,2.5,5,6,0.0,1
147,Closure,39,1.0,1.0,1.0,1,2,3,2.0,6,22,0.0,0
148,Closure,3,1.0,0.4666666666666667,1.0,1,1,3,3.333333333333333,10,54,0.0,0
149,Closure,40,0.5,0.5,1.0,1,2,2,2.0,4,34,0.0,0
150,Closure,41,0.5909090909090909,0.4102564102564102,0.5909090909090909,1,2,4,3.0,12,39,0.0,0
151,Closure,42,1.0,0.4761904761904761,1.0,1,1,1,7.0,7,16,0.0,0
152,Closure,43,0.4919540229885057,0.5032258064516129,0.503448275862069,2,1,9,3.333333333333333,30,45,0.0,1
153,Closure,44,1.0,1.0,1.0,1,1,1,2.0,2,10,0.0,0
154,Closure,45,0.5333333333333333,0.5333333333333333,0.5333333333333333,1,1,6,1.6666666666666667,10,23,1.0,0
155,Closure,46,0.5906432748538012,0.4901185770750988,0.5906432748538012,1,2,2,9.5,19,63,2.0,1
156,Closure,47,0.4909090909090909,0.6545454545454545,0.4909090909090909,3,4,3,3.6666666666666665,11,86,0.0,0
157,Closure,48,0.7012987012987013,0.5064935064935064,0.4761904761904761,1,1,6,3.6666666666666665,22,45,0.0,0
158,Closure,49,0.7101449275362319,0.7101449275362319,0.7101449275362319,1,4,4,6.0,24,396,2.0,1
159,Closure,4,0.4444444444444444,0.5333333333333333,1.0,2,1,3,3.0,9,60,0.0,0
160,Closure,50,0.6111111111111112,0.4444444444444444,0.5,1,1,3,3.0,9,24,1.0,1
161,Closure,51,1.0,0.4,1.0,1,1,2,2.5,5,5,0.0,0
162,Closure,52,1.0,1.0,1.0,1,1,1,2.0,2,14,0.0,0
163,Closure,53,0.4285714285714285,0.4761904761904761,0.4285714285714285,1,1,3,2.333333333333333,7,5,0.0,1
164,Closure,54,0.5372340425531915,0.5691489361702128,0.5780141843971631,4,2,7,6.857142857142857,48,104,1.0,3
165,Closure,55,0.696969696969697,0.696969696969697,0.696969696969697,1,1,5,2.4,12,18,1.0,1
166,Closure,56,0.4909090909090909,0.4615384615384615,0.4909090909090909,1,2,1,11.0,11,26,0.0,1
167,Closure,57,0.7142857142857143,0.7142857142857143,0.7142857142857143,1,1,1,7.0,7,17,1.0,1
168,Closure,58,1.0,0.2,1.0,1,1,2,2.0,4,4,0.0,0
169,Closure,59,1.0,0.3333333333333333,1.0,1,1,1,3.0,3,6,0.0,0
170,Closure,5,1.0,0.0,1.0,1,1,1,3.0,3,14,0.0,0
171,Closure,60,0.7552552552552553,0.7552552552552553,0.9324324324324323,2,2,17,2.176470588235294,37,152,0.0,0
172,Closure,61,1.0,1.0,1.0,1,1,1,6.0,6,34,0.0,0
173,Closure,62,1.0,1.0,1.0,1,1,1,2.0,2,20,0.0,0
174,Closure,64,1.0,1.0,1.0,1,1,4,2.0,8,18,0.0,0
175,Closure,65,1.0,1.0,1.0,1,1,1,2.0,2,11,0.0,0
176,Closure,66,1.0,1.0,1.0,1,1,1,2.0,2,11,0.0,0
177,Closure,67,0.6,0.6,0.6,1,1,1,5.0,5,87,1.0,1
178,Closure,68,0.3333333333333333,1.0,1.0,1,1,4,1.0,4,10,0.0,0
179,Closure,69,0.4696969696969697,0.4696969696969697,0.4696969696969697,1,2,3,4.0,12,49,0.0,0
180,Closure,6,0.4871794871794871,0.4871794871794871,0.4615384615384615,2,2,6,2.1666666666666665,13,56,2.0,2
181,Closure,70,1.0,1.0,1.0,1,2,1,2.0,2,51,0.0,0
182,Closure,71,1.0,0.0,1.0,1,1,1,2.0,2,22,0.0,0
183,Closure,72,0.8110661268556005,0.7769230769230769,0.5141700404858299,2,2,9,4.333333333333333,39,23,0.0,1
184,Closure,73,1.0,1.0,1.0,1,1,1,2.0,2,6,0.0,0
185,Closure,74,0.5454545454545454,0.466403162055336,0.5454545454545454,1,1,5,4.4,22,41,2.0,1
186,Closure,75,0.5906432748538012,0.6491228070175439,0.6491228070175439,1,1,8,2.375,19,6,1.0,1
187,Closure,76,0.4633540372670807,0.4546583850931677,0.4546583850931677,1,1,8,8.75,70,85,2.0,4
188,Closure,77,1.0,1.0,1.0,1,1,1,1.0,1,6,0.0,0
189,Closure,78,1.0,1.0,1.0,1,1,3,1.6666666666666667,5,5,2.0,0
190,Closure,79,0.4666666666666667,0.6666666666666666,0.6666666666666666,2,3,2,3.0,6,41,1.0,1
191,Closure,7,1.0,1.0,1.0,1,2,1,6.0,6,45,0.0,0
192,Closure,80,1.0,1.0,1.0,1,1,2,1.0,2,4,0.0,0
193,Closure,81,1.0,0.7142857142857143,1.0,1,28,1,7.0,7,744,0.0,0
194,Closure,82,1.0,0.5,1.0,1,2,1,4.0,4,13,0.0,0
195,Closure,83,1.0,0.6,1.0,1,1,1,5.0,5,20,0.0,0
196,Closure,84,0.8137931034482758,0.5057471264367817,0.8137931034482758,1,8,3,10.0,30,79,0.0,1
197,Closure,85,0.5320197044334976,0.5320197044334976,0.5320197044334976,1,1,4,7.25,29,39,3.0,4
198,Closure,86,1.0,1.0,1.0,1,2,1,2.0,2,54,0.0,0
199,Closure,87,0.48,0.58,0.48,1,1,5,5.0,25,18,1.0,1
200,Closure,88,0.4857142857142857,0.4857142857142857,0.4857142857142857,1,2,4,3.75,15,115,0.0,0
201,Closure,89,0.4,0.4,0.4,2,1,2,2.5,5,78,0.0,0
202,Closure,8,0.4444444444444444,0.4444444444444444,0.4444444444444444,1,1,2,4.5,9,7,0.0,1
203,Closure,90,0.6666666666666666,0.4,0.6666666666666666,2,1,2,3.0,6,33,1.0,1
204,Closure,91,1.0,0.6111111111111112,1.0,1,1,1,9.0,9,19,0.0,0
205,Closure,92,1.0,0.0,1.0,1,1,1,2.0,2,17,0.0,0
206,Closure,94,1.0,0.631578947368421,1.0,1,2,3,6.333333333333333,19,69,0.0,0
207,Closure,95,0.6913229018492176,0.6586059743954481,0.492176386913229,2,2,7,5.428571428571429,38,50,0.0,3
208,Closure,96,0.5151515151515151,0.5151515151515151,0.5151515151515151,1,1,1,12.0,12,11,1.0,1
209,Closure,97,1.0,1.0,1.0,1,1,1,3.0,3,9,0.0,0
210,Closure,98,0.4927536231884058,0.5043478260869565,0.5043478260869565,3,1,10,4.6,46,53,0.0,1
211,Closure,99,0.543859649122807,0.5087719298245614,0.543859649122807,3,1,7,2.7142857142857144,19,14,2.0,2
212,Closure,9,0.3333333333333333,1.0,0.3333333333333333,1,1,2,2.0,4,8,1.0,1
213,Codec,10,1.0,0.0,1.0,1,1,1,2.0,2,161,0.0,0
214,Codec,11,0.9115384615384616,0.316826923076923,0.9096153846153846,1,1,9,7.222222222222222,65,200,0.0,1
215,Codec,12,1.0,0.4947089947089947,1.0,1,2,1,28.0,28,128,0.0,0
216,Codec,13,1.0,0.3599114064230343,0.5097560975609756,3,1,3,13.666666666666666,41,83,0.0,0
217,Codec,14,0.5428156748911466,0.4920174165457184,0.7779390420899854,5,2,11,4.818181818181818,53,1082,0.0,4
218,Codec,15,1.0,0.3454545454545454,1.0,1,1,2,5.5,11,16,0.0,0
219,Codec,16,0.75,0.75,0.75,1,1,2,4.0,8,13,1.0,1
220,Codec,17,1.0,1.0,1.0,0,1,0,,0,13,0.0,0
221,Codec,18,1.0,0.0,1.0,1,1,1,2.0,2,30,0.0,0
222,Codec,1,0.4545454545454545,0.4696969696969697,0.5151515151515151,4,1,6,2.0,12,34,0.0,0
223,Codec,2,1.0,1.0,1.0,1,3,1,2.0,2,41,0.0,0
224,Codec,3,0.4545454545454545,0.4909090909090909,0.6727272727272727,1,1,6,1.8333333333333333,11,12,0.0,0
225,Codec,4,1.0,0.4666666666666667,1.0,3,0,3,2.0,6,5,0.0,0
226,Codec,5,1.0,0.3333333333333333,1.0,1,2,1,3.0,3,56,0.0,0
227,Codec,6,0.5906432748538012,0.783625730994152,0.543859649122807,1,1,2,9.5,19,23,0.0,1
228,Codec,7,1.0,1.0,1.0,1,1,1,2.0,2,16,0.0,0
229,Codec,8,0.5096774193548387,0.5141129032258065,0.6387096774193548,2,1,9,3.4444444444444446,31,94,0.0,1
230,Codec,9,1.0,1.0,1.0,1,1,1,2.0,2,8,0.0,0
231,Collections,25,1.0,1.0,1.0,1,1,3,4.0,12,72,0.0,0
232,Collections,26,1.0,1.0,1.0,1,1,1,2.0,2,41,0.0,0
233,Collections,27,0.4857142857142857,0.4857142857142857,0.4857142857142857,1,1,10,1.5,15,46,0.0,0
234,Collections,28,1.0,1.0,1.0,1,1,1,10.0,10,67,0.0,0
235,Compress,10,1.0,1.0,1.0,1,1,2,4.0,8,27,0.0,0
236,Compress,11,0.0,0.0,1.0,1,1,2,1.0,2,47,0.0,0
237,Compress,12,1.0,0.4666666666666667,1.0,1,0,2,3.0,6,18,0.0,0
238,Compress,13,1.0,0.5,1.0,1,2,1,4.0,4,67,0.0,0
239,Compress,14,1.0,0.3555555555555555,1.0,1,2,1,9.0,9,48,0.0,0
240,Compress,15,1.0,0.2857142857142857,1.0,1,1,3,2.6666666666666665,8,16,0.0,0
241,Compress,16,1.0,0.0,1.0,1,1,2,1.5,3,35,0.0,0
242,Compress,17,1.0,1.0,1.0,1,1,2,1.5,3,24,0.0,0
243,Compress,18,1.0,0.3333333333333333,1.0,1,1,1,3.0,3,61,0.0,0
244,Compress,19,1.0,1.0,1.0,1,1,1,2.0,2,19,0.0,0
245,Compress,1,0.8333333333333334,0.8333333333333334,0.8333333333333334,1,1,6,2.0,12,77,0.0,0
246,Compress,20,0.5268817204301075,0.5096774193548387,0.935483870967742,3,1,15,2.066666666666667,31,26,1.0,1
247,Compress,21,1.0,0.2,1.0,1,1,2,2.5,5,109,0.0,0
248,Compress,22,0.5831578947368421,0.5543403964456596,0.5831578947368421,1,1,39,1.948717948717949,76,120,0.0,3
249,Compress,23,1.0,0.0,1.0,1,1,1,2.0,2,21,0.0,0
250,Compress,24,0.675,0.3583333333333333,0.675,1,1,2,8.0,16,23,0.0,1
251,Compress,25,1.0,1.0,1.0,1,2,1,1.0,1,12,0.0,0
252,Compress,26,0.580952380952381,0.580952380952381,0.580952380952381,1,1,3,5.0,15,94,0.0,0
253,Compress,27,1.0,0.5,1.0,1,1,1,4.0,4,13,0.0,0
254,Compress,28,1.0,0.6,1.0,1,1,3,1.6666666666666667,5,33,0.0,0
255,Compress,29,0.5938375350140056,0.5915966386554622,0.42296918767507,9,1,37,2.2972972972972974,85,312,0.0,13
256,Compress,2,0.601063829787234,0.4872448979591837,0.5700354609929078,1,0,10,4.8,48,19,1.0,4
257,Compress,30,1.0,1.0,1.0,1,1,1,3.0,3,38,0.0,0
258,Compress,31,1.0,0.0,1.0,1,1,1,3.0,3,8,0.0,0
259,Compress,32,1.0,0.3333333333333333,1.0,1,1,2,2.0,4,27,0.0,0
260,Compress,33,1.0,1.0,0.6571428571428571,2,0,3,5.0,15,26,0.0,0
261,Compress,34,0.5238095238095238,0.5238095238095238,0.5238095238095238,1,1,4,1.75,7,42,1.0,1
262,Compress,35,0.7142857142857143,0.2857142857142857,0.7142857142857143,1,0,2,3.5,7,11,1.0,1
263,Compress,36,1.0,0.3333333333333333,1.0,1,1,1,3.0,3,25,0.0,0
264,Compress,37,0.5,0.5,0.5,1,1,1,4.0,4,21,1.0,1
265,Compress,38,1.0,0.0,1.0,1,1,1,2.0,2,20,0.0,0
266,Compress,39,1.0,0.2444444444444444,1.0,1,1,2,4.5,9,20,0.0,0
267,Compress,3,1.0,0.5,1.0,5,2,8,2.0,16,92,0.0,2
268,Compress,40,0.8669950738916257,0.4827586206896552,1.0,1,1,4,7.25,29,57,0.0,0
269,Compress,41,1.0,1.0,1.0,1,1,2,1.5,3,39,0.0,0
270,Compress,42,1.0,0.3333333333333333,0.3333333333333333,2,1,2,1.5,3,21,0.0,0
271,Compress,43,0.8074592074592074,0.5006784260515604,0.8074592074592074,1,1,24,2.75,66,204,3.0,2
272,Compress,44,1.0,0.4666666666666667,1.0,1,1,1,6.0,6,29,0.0,0
273,Compress,45,0.3333333333333333,1.0,1.0,1,0,2,1.5,3,0,0.0,0
274,Compress,46,0.7058823529411765,0.7058823529411765,0.7058823529411765,1,1,4,4.5,18,92,0.0,1
275,Compress,47,0.875,0.875,1.0,2,1,4,4.0,16,32,0.0,0
276,Compress,4,0.5,0.5,0.0,4,2,4,1.0,4,17,0.0,0
277,Compress,5,1.0,1.0,1.0,1,1,2,3.0,6,134,0.0,0
278,Compress,6,0.6727272727272727,0.4545454545454545,0.6727272727272727,1,1,4,2.75,11,16,0.0,0
279,Compress,7,0.6,0.4,0.6,1,1,2,2.5,5,16,1.0,1
280,Compress,8,0.5573294629898403,0.4898672257162823,0.4528301886792453,1,1,10,5.3,53,86,2.0,3
281,Compress,9,0.5604395604395604,0.5714285714285714,0.5604395604395604,1,1,4,3.5,14,66,0.0,0
282,Csv,10,0.4285714285714285,0.4285714285714285,0.5238095238095238,2,1,3,2.333333333333333,7,22,0.0,0
283,Csv,11,1.0,1.0,1.0,1,1,1,2.0,2,7,0.0,0
284,Csv,12,1.0,0.0,1.0,1,1,1,2.0,2,213,0.0,0
285,Csv,13,0.4666666666666667,0.238095238095238,0.4666666666666667,2,1,2,3.0,6,245,0.0,0
286,Csv,14,1.0,1.0,1.0,1,1,1,2.0,2,71,0.0,0
287,Csv,15,1.0,1.0,1.0,1,1,1,4.0,4,16,0.0,0
288,Csv,16,1.0,0.7142857142857143,1.0,1,1,4,1.75,7,59,0.0,0
289,Csv,1,0.8571428571428571,0.5054945054945055,0.8571428571428571,1,1,5,2.8,14,3,1.0,1
290,Csv,2,1.0,1.0,1.0,1,1,2,3.5,7,108,0.0,0
291,Csv,3,0.5573122529644269,0.7628458498023716,0.5968379446640316,2,1,5,4.6,23,31,0.0,1
292,Csv,4,1.0,1.0,1.0,1,1,1,2.0,2,8,0.0,0
293,Csv,5,0.4,0.4,0.4,1,1,1,5.0,5,8,0.0,1
294,Csv,6,0.4,0.4,0.4,1,1,1,5.0,5,7,0.0,1
295,Csv,7,1.0,0.3333333333333333,1.0,1,1,1,3.0,3,6,0.0,0
296,Csv,8,0.5047619047619047,0.4761904761904761,0.5047619047619047,1,1,3,7.0,21,3,0.0,1
297,Csv,9,1.0,1.0,1.0,1,1,1,3.0,3,30,0.0,0
298,Gson,10,0.7532467532467533,0.6233766233766234,0.6883116883116883,4,1,5,4.4,22,61,1.0,1
299,Gson,11,1.0,1.0,1.0,1,1,1,1.0,1,5,0.0,0
300,Gson,12,0.5,0.5,1.0,1,1,3,1.3333333333333333,4,50,0.0,0
301,Gson,13,1.0,0.0,1.0,1,1,1,2.0,2,12,0.0,0
302,Gson,14,0.4666666666666667,0.4666666666666667,0.4666666666666667,1,1,2,8.0,16,89,0.0,2
303,Gson,15,0.3333333333333333,0.3333333333333333,0.3333333333333333,1,1,2,2.0,4,27,0.0,1
304,Gson,16,0.6190476190476191,0.6190476190476191,0.6190476190476191,1,1,8,2.625,21,33,0.0,0
305,Gson,17,0.4444444444444444,0.4444444444444444,0.4444444444444444,1,1,2,4.5,9,14,0.0,0
306,Gson,18,1.0,0.0,1.0,1,1,1,3.0,3,20,0.0,0
307,Gson,1,0.95,0.3682926829268292,1.0,1,1,3,13.333333333333334,40,89,0.0,0
308,Gson,2,0.4818840579710144,0.4818840579710144,0.4818840579710144,1,1,2,12.0,24,82,1.0,1
309,Gson,3,1.0,0.5487179487179488,0.5220483641536273,1,1,13,2.923076923076923,38,72,0.0,8
310,Gson,4,0.9285714285714286,0.5172413793103449,0.6957671957671958,2,2,12,2.333333333333333,28,112,1.0,1
311,Gson,5,1.0,1.0,1.0,1,1,1,1.0,1,6,0.0,0
312,Gson,6,0.5238095238095238,0.5238095238095238,0.5238095238095238,1,1,2,3.5,7,63,0.0,1
313,Gson,7,1.0,1.0,1.0,1,2,4,3.0,12,30,0.0,0
314,Gson,8,1.0,0.4358974358974359,1.0,1,1,4,3.0,12,81,0.0,0
315,Gson,9,0.6631578947368421,0.3842105263157894,0.331578947368421,3,1,3,6.666666666666667,20,18,0.0,0
316,JacksonCore,10,0.5238095238095238,0.5238095238095238,0.5238095238095238,1,0,3,2.333333333333333,7,64,10.0,1
317,JacksonCore,11,1.0,1.0,1.0,1,0,1,1.0,1,4,9.0,0
318,JacksonCore,12,0.5151515151515151,0.7532467532467533,0.7532467532467533,2,1,15,1.4666666666666666,22,15,10.0,1
319,JacksonCore,13,0.5494912118408881,0.7049028677150786,0.5217391304347826,4,0,14,3.357142857142857,47,83,9.0,1
320,JacksonCore,14,0.4642857142857143,0.5714285714285714,0.4642857142857143,1,0,3,2.6666666666666665,8,14,10.0,1
321,JacksonCore,15,1.0,0.3333333333333333,1.0,1,1,1,9.0,9,48,9.0,0
322,JacksonCore,16,0.7478991596638656,0.4890756302521008,1.0,4,3,13,2.6923076923076925,35,80,9.0,0
323,JacksonCore,17,0.4953249181860683,0.5200447928331468,0.4950911640953717,1,1,16,5.8125,93,120,10.0,5
324,JacksonCore,18,0.5661375661375662,0.455026455026455,0.492063492063492,3,0,6,4.666666666666667,28,87,10.0,2
325,JacksonCore,19,1.0,1.0,0.4285714285714285,2,0,2,4.0,8,45,9.0,0
326,JacksonCore,1,0.5045045045045045,0.5105105105105106,0.4834834834834834,3,0,6,6.166666666666667,37,18,9.0,3
327,JacksonCore,20,1.0,1.0,1.0,1,2,1,11.0,11,715,9.0,0
328,JacksonCore,21,0.5606060606060606,0.5606060606060606,0.5606060606060606,1,1,4,3.0,12,9,9.0,2
329,JacksonCore,22,0.7192982456140351,0.8947368421052632,1.0,1,2,10,1.9,19,122,9.0,0
330,JacksonCore,23,1.0,0.1666666666666666,1.0,1,1,1,4.0,4,23,9.0,0
331,JacksonCore,24,0.4894291754756871,0.5433403805496829,0.514799154334038,3,4,8,5.5,44,114,11.0,3
332,JacksonCore,25,1.0,0.0,1.0,1,1,1,2.0,2,45,9.0,0
333,JacksonCore,26,1.0,1.0,1.0,1,2,1,1.0,1,50,9.0,0
334,JacksonCore,2,0.5239385727190605,0.4910373200117543,0.5850647395362842,4,0,22,3.727272727272727,82,115,9.0,1
335,JacksonCore,3,1.0,0.0,1.0,2,0,1,2.0,2,36,9.0,0
336,JacksonCore,4,1.0,0.4,1.0,1,0,1,5.0,5,19,9.0,0
337,JacksonCore,5,1.0,1.0,1.0,1,0,1,2.0,2,13,9.0,0
338,JacksonCore,6,1.0,0.4090909090909091,1.0,1,0,1,11.0,11,15,9.0,0
339,JacksonCore,7,1.0,0.9642915642915644,1.0,6,1,47,2.3617021276595747,111,159,9.0,0
340,JacksonCore,8,1.0,1.0,1.0,1,0,1,2.0,2,13,9.0,0
341,JacksonCore,9,0.6996047430830039,0.4861660079051383,0.4545454545454545,3,0,7,3.2857142857142856,23,60,9.0,1
342,JacksonDatabind,100,0.7362637362637363,0.5494505494505495,0.7362637362637363,1,0,2,7.0,14,20,9.0,1
343,JacksonDatabind,101,0.6666666666666666,0.6666666666666666,0.6666666666666666,1,0,2,3.0,6,44,10.0,0
344,JacksonDatabind,102,1.0,1.0,1.0,1,2,1,3.0,3,20,9.0,0
345,JacksonDatabind,103,0.5634920634920635,0.4905753968253968,0.4513888888888889,16,2,25,2.56,64,55,18.0,9
346,JacksonDatabind,104,0.6442687747035574,0.6996047430830039,0.6996047430830039,1,1,5,4.6,23,50,9.0,1
347,JacksonDatabind,105,1.0,0.6666666666666666,1.0,1,2,2,3.0,6,33,9.0,0
348,JacksonDatabind,106,0.5238095238095238,0.5052910052910053,0.6507936507936508,1,0,8,3.5,28,342,9.0,2
349,JacksonDatabind,107,1.0,1.0,1.0,1,0,1,2.0,2,5,9.0,0
350,JacksonDatabind,108,0.6717687074829932,0.5,0.5,1,2,8,6.125,49,34,10.0,7
351,JacksonDatabind,109,0.8552036199095022,0.3598881900768693,0.7624434389140271,2,1,5,10.4,52,35,9.0,0
352,JacksonDatabind,10,0.4684385382059801,0.4750830564784053,0.4905869324473975,4,0,14,3.071428571428572,43,829,12.0,6
353,JacksonDatabind,110,1.0,0.5,1.0,1,1,3,1.3333333333333333,4,44,9.0,0
354,JacksonDatabind,111,0.6307692307692307,0.4676923076923077,0.4369230769230769,8,1,9,2.888888888888889,26,42,9.0,1
355,JacksonDatabind,112,1.0,0.6,1.0,1,1,2,2.5,5,77,9.0,0
356,JacksonDatabind,11,0.4805194805194805,0.6753246753246753,0.4805194805194805,2,0,8,2.75,22,134,9.0,2
357,JacksonDatabind,12,0.4,0.4,0.4,1,0,1,5.0,5,56,10.0,1
358,JacksonDatabind,13,0.4545454545454545,0.4545454545454545,0.4848484848484848,4,0,4,3.0,12,80,9.0,2
359,JacksonDatabind,14,1.0,1.0,1.0,1,0,2,7.5,15,92,9.0,0
360,JacksonDatabind,15,0.867109634551495,0.867109634551495,0.584717607973422,5,0,15,2.8666666666666667,43,72,9.0,0
361,JacksonDatabind,16,1.0,0.0,1.0,1,0,1,2.0,2,10,9.0,0
362,JacksonDatabind,17,0.6,1.0,0.6,1,0,1,5.0,5,25,10.0,1
363,JacksonDatabind,18,0.5035460992907801,0.5257378174330817,0.7437657286662092,1,1,24,3.9166666666666665,94,153,10.0,2
364,JacksonDatabind,19,1.0,1.0,1.0,1,0,1,3.0,3,47,9.0,0
365,JacksonDatabind,1,1.0,1.0,1.0,1,0,1,1.0,1,23,9.0,0
366,JacksonDatabind,20,1.0,1.0,1.0,1,0,1,1.0,1,61,9.0,0
367,JacksonDatabind,21,0.7666666666666667,0.7666666666666667,0.7666666666666667,1,0,1,16.0,16,73,9.0,0
368,JacksonDatabind,22,0.4526854219948849,0.56692242114237,0.4970161977834612,2,0,30,2.3,69,90,10.0,4
369,JacksonDatabind,23,0.7075630252100841,0.5798319327731093,0.7075630252100841,1,0,12,2.9166666666666665,35,72,9.0,1
370,JacksonDatabind,24,1.0,0.3333333333333333,1.0,1,1,2,1.5,3,26,9.0,0
371,JacksonDatabind,25,0.780952380952381,0.5047619047619047,0.6190476190476191,6,0,7,3.0,21,34,9.0,1
372,JacksonDatabind,26,0.45,0.8649350649350649,0.4915584415584416,9,0,27,2.074074074074074,56,125,9.0,0
373,JacksonDatabind,27,1.0,1.0,1.0,1,0,1,2.0,2,16,9.0,0
374,JacksonDatabind,28,0.477124183006536,0.7058823529411765,0.7058823529411765,2,0,5,3.6,18,37,13.0,2
375,JacksonDatabind,29,0.6780487804878049,0.7097560975609756,0.7097560975609756,1,0,11,3.727272727272727,41,43,9.0,2
376,JacksonDatabind,2,0.5767195767195767,0.5767195767195767,0.5767195767195767,1,0,5,5.6,28,124,9.0,1
377,JacksonDatabind,30,0.5650951199338297,0.8134822167080231,0.536228287841191,9,0,61,2.557377049180328,156,80,9.0,2
378,JacksonDatabind,31,0.967741935483871,0.4114225277630883,0.967741935483871,1,0,19,3.263157894736842,62,137,9.0,0
379,JacksonDatabind,32,1.0,1.0,1.0,1,0,2,1.5,3,52,9.0,0
380,JacksonDatabind,33,1.0,0.3333333333333333,1.0,1,0,1,5.0,5,41,9.0,0
381,JacksonDatabind,34,1.0,0.0,1.0,1,2,1,2.0,2,131,9.0,0
382,JacksonDatabind,35,0.577524893314367,0.6913229018492176,0.6913229018492176,1,1,11,3.4545454545454546,38,93,11.0,2
383,JacksonDatabind,36,0.7586206896551724,0.4825438215268723,0.8253373313343328,1,0,28,4.142857142857143,116,89,9.0,6
384,JacksonDatabind,37,0.4285714285714285,0.5714285714285714,0.4285714285714285,2,0,2,4.0,8,15,9.0,1
385,JacksonDatabind,38,0.7008797653958945,0.6633316083031453,0.7337703409809672,11,1,40,4.675,187,133,9.0,7
386,JacksonDatabind,39,0.5483870967741935,0.6068548387096774,0.5483870967741935,2,0,4,7.75,31,42,9.0,1
387,JacksonDatabind,3,1.0,1.0,1.0,1,0,2,2.0,4,14,9.0,0
388,JacksonDatabind,40,1.0,0.4871794871794871,0.5384615384615384,1,0,3,4.333333333333333,13,42,9.0,0
389,JacksonDatabind,41,0.5333333333333333,0.5333333333333333,0.5333333333333333,2,1,2,5.0,10,24,10.0,1
390,JacksonDatabind,42,1.0,0.5,1.0,2,0,2,2.0,4,35,9.0,0
391,JacksonDatabind,43,1.0,1.0,1.0,1,0,3,1.3333333333333333,4,39,9.0,0
392,JacksonDatabind,44,0.8523076923076923,0.3968253968253968,0.8523076923076923,1,0,2,13.0,26,18,10.0,1
393,JacksonDatabind,45,1.0,0.4444444444444444,0.4,1,1,2,3.0,6,84,9.0,0
394,JacksonDatabind,46,1.0,1.0,1.0,1,0,1,2.0,2,46,9.0,0
395,JacksonDatabind,47,0.4705882352941176,0.4805194805194805,0.4705882352941176,1,0,6,3.0,18,9,9.0,0
396,JacksonDatabind,48,1.0,1.0,0.4545454545454545,2,0,2,6.0,12,44,9.0,0
397,JacksonDatabind,49,0.5238095238095238,0.7142857142857143,0.5238095238095238,1,1,2,3.5,7,42,9.0,1
398,JacksonDatabind,4,0.7545271629778671,0.7971830985915493,0.890543259557344,7,0,21,3.380952380952381,71,71,9.0,6
399,JacksonDatabind,50,0.9545454545454546,0.8308668076109936,0.9545454545454546,2,2,8,5.5,44,345,9.0,0
400,JacksonDatabind,51,0.8461538461538461,0.717948717948718,1.0,3,0,8,1.625,13,101,9.0,0
401,JacksonDatabind,52,0.5032377428307123,0.5629432624113475,0.5346901017576319,3,4,14,3.357142857142857,47,88,9.0,4
402,JacksonDatabind,53,0.8823024054982818,0.6762045024195245,0.4991408934707904,2,1,12,8.083333333333334,97,43,13.0,4
403,JacksonDatabind,54,1.0,0.4666666666666667,0.4666666666666667,2,0,6,1.6666666666666667,10,41,9.0,0
404,JacksonDatabind,55,0.9285714285714286,0.8624338624338624,0.8624338624338624,1,1,3,9.333333333333334,28,49,9.0,0
405,JacksonDatabind,56,1.0,1.0,1.0,1,0,3,4.666666666666667,14,12,9.0,0
406,JacksonDatabind,57,0.3333333333333333,0.3333333333333333,0.3333333333333333,1,1,1,3.0,3,55,10.0,1
407,JacksonDatabind,58,0.6,0.3,1.0,2,1,2,2.5,5,54,9.0,0
408,JacksonDatabind,59,0.914975845410628,0.6975845410628019,0.3768115942028985,4,0,4,11.5,46,26,9.0,0
409,JacksonDatabind,5,0.9,0.3,0.3,1,0,2,2.5,5,51,9.0,1
410,JacksonDatabind,60,0.6886446886446886,0.6886446886446886,0.6886446886446886,1,1,9,11.666666666666666,105,134,10.0,1
411,JacksonDatabind,61,1.0,1.0,0.5,2,1,3,3.0,9,56,9.0,0
412,JacksonDatabind,62,0.7229437229437229,0.4588744588744589,0.6666666666666666,4,1,6,3.6666666666666665,22,16,9.0,1
413,JacksonDatabind,63,1.0,1.0,1.0,1,1,2,5.0,10,102,9.0,0
414,JacksonDatabind,64,0.4666666666666667,0.3777777777777777,0.8,1,1,3,3.333333333333333,10,76,9.0,0
415,JacksonDatabind,65,0.4166666666666667,0.5,0.4444444444444444,2,1,5,1.8,9,10,9.0,1
416,JacksonDatabind,66,0.5,0.5,0.5,1,0,4,2.25,9,41,9.0,0
417,JacksonDatabind,67,0.4,1.0,1.0,1,0,2,2.5,5,62,9.0,0
418,JacksonDatabind,68,0.5294335431321733,0.6890040725657164,0.6890040725657164,1,1,21,3.523809523809524,74,12,14.0,5
419,JacksonDatabind,69,0.875,0.875,0.875,1,1,10,1.6,16,49,9.0,0
420,JacksonDatabind,6,0.6666666666666666,0.3346774193548387,1.0,1,0,4,7.75,31,70,9.0,0
421,JacksonDatabind,70,0.4,0.4,0.4,1,0,2,2.5,5,62,9.0,0
422,JacksonDatabind,71,1.0,1.0,1.0,1,0,1,2.0,2,9,9.0,0
423,JacksonDatabind,72,0.6666666666666666,0.6666666666666666,0.6666666666666666,1,1,1,6.0,6,41,9.0,1
424,JacksonDatabind,73,1.0,0.3214285714285714,0.4642857142857143,2,1,3,2.6666666666666665,8,11,9.0,0
425,JacksonDatabind,74,1.0,1.0,1.0,1,0,1,7.0,7,28,9.0,0
426,JacksonDatabind,75,0.543859649122807,0.4970760233918128,0.4736842105263157,1,1,6,3.1666666666666665,19,17,10.0,1
427,JacksonDatabind,76,0.6996047430830039,0.6996047430830039,0.6996047430830039,1,1,2,11.5,23,250,12.0,1
428,JacksonDatabind,77,0.8666666666666667,0.7523809523809524,0.8666666666666667,1,1,2,7.5,15,50,9.0,0
429,JacksonDatabind,78,0.92,0.6066666666666667,0.92,1,1,3,8.333333333333334,25,65,9.0,0
430,JacksonDatabind,79,0.7908496732026143,0.8888888888888888,0.3464052287581699,3,1,6,3.0,18,71,9.0,0
431,JacksonDatabind,7,0.6761904761904762,0.4857142857142857,0.4857142857142857,1,0,3,5.0,15,52,9.0,1
432,JacksonDatabind,80,0.72,0.72,0.72,1,1,13,1.9230769230769231,25,65,9.0,0
433,JacksonDatabind,81,0.9428571428571428,0.9428571428571428,0.9428571428571428,1,1,7,5.0,35,45,9.0,0
434,JacksonDatabind,82,1.0,1.0,1.0,1,3,1,2.0,2,100,9.0,0
435,JacksonDatabind,83,0.75,0.4642857142857143,0.75,1,1,2,4.0,8,17,10.0,1
436,JacksonDatabind,84,0.5238095238095238,0.4285714285714285,0.5238095238095238,1,0,1,7.0,7,3,9.0,0
437,JacksonDatabind,85,0.7468013468013468,0.3273224043715847,0.7468013468013468,1,1,7,7.857142857142857,55,30,11.0,2
438,JacksonDatabind,86,0.5238095238095238,0.5238095238095238,0.5238095238095238,1,1,1,7.0,7,52,9.0,0
439,JacksonDatabind,87,0.7210526315789474,1.0,1.0,1,0,11,1.818181818181818,20,39,9.0,0
440,JacksonDatabind,88,0.4285714285714285,0.4285714285714285,0.4285714285714285,1,2,1,7.0,7,72,9.0,1
441,JacksonDatabind,89,1.0,1.0,1.0,1,1,1,6.0,6,100,9.0,0
442,JacksonDatabind,8,0.5897435897435898,0.8461538461538461,0.8461538461538461,1,0,4,3.25,13,19,9.0,1
443,JacksonDatabind,90,0.4666666666666667,0.4666666666666667,0.4666666666666667,3,1,4,3.75,15,48,10.0,1
444,JacksonDatabind,91,1.0,0.5,0.5,1,1,4,4.0,16,64,9.0,0
445,JacksonDatabind,92,1.0,1.0,1.0,1,1,1,6.0,6,100,9.0,0
446,JacksonDatabind,93,1.0,0.3333333333333333,1.0,2,1,1,4.0,4,34,9.0,0
447,JacksonDatabind,94,0.4615384615384615,0.4615384615384615,0.4871794871794871,1,1,4,3.25,13,35,9.0,1
448,JacksonDatabind,95,0.5714285714285714,0.4285714285714285,0.5714285714285714,2,0,4,2.0,8,22,9.0,0
449,JacksonDatabind,96,0.5238095238095238,0.5238095238095238,1.0,2,2,4,1.75,7,28,9.0,0
450,JacksonDatabind,97,0.5714285714285714,0.5357142857142857,0.5714285714285714,1,4,4,2.0,8,69,9.0,0
451,JacksonDatabind,98,1.0,1.0,1.0,2,1,1,11.0,11,98,9.0,0
452,JacksonDatabind,99,1.0,1.0,1.0,1,0,1,1.0,1,17,9.0,0
453,JacksonDatabind,9,0.5968379446640316,0.5573122529644269,0.6442687747035574,2,0,6,3.8333333333333335,23,19,9.0,2
454,JacksonXml,1,0.4615384615384615,0.7362637362637363,0.7362637362637363,1,7,4,3.5,14,58,9.0,0
455,JacksonXml,2,0.8624338624338624,0.4629629629629629,0.9285714285714286,1,1,7,4.0,28,56,9.0,0
456,JacksonXml,3,1.0,1.0,1.0,1,1,2,1.5,3,61,9.0,0
457,JacksonXml,4,0.3611111111111111,0.5833333333333334,0.3611111111111111,1,1,1,9.0,9,165,9.0,1
458,JacksonXml,5,1.0,1.0,1.0,2,2,1,2.0,2,45,9.0,0
459,JacksonXml,6,0.9403263403263404,0.2536130536130536,0.9403263403263404,1,2,2,33.0,66,81,9.0,0
460,Jsoup,10,1.0,0.3333333333333333,1.0,1,1,1,2.0,2,18,0.0,0
461,Jsoup,11,0.9230769230769232,0.6646153846153846,0.9230769230769232,1,1,5,5.2,26,45,0.0,0
462,Jsoup,12,0.875,0.675,0.875,1,1,2,8.0,16,8,1.0,1
463,Jsoup,13,0.5238095238095238,0.4285714285714285,0.5238095238095238,1,2,2,3.5,7,50,0.0,0
464,Jsoup,14,0.4871794871794871,0.4615384615384615,0.8076923076923077,4,1,3,4.333333333333333,13,24,0.0,1
465,Jsoup,15,1.0,1.0,1.0,1,1,1,2.0,2,8,0.0,0
466,Jsoup,16,1.0,0.2,1.0,1,1,3,1.6666666666666667,5,45,0.0,0
467,Jsoup,17,1.0,1.0,1.0,1,1,1,2.0,2,13,0.0,0
468,Jsoup,18,0.5,0.4,0.5,1,2,2,2.0,4,28,0.0,1
469,Jsoup,19,1.0,1.0,1.0,1,1,1,2.0,2,14,0.0,0
470,Jsoup,1,0.4285714285714285,0.4285714285714285,0.4285714285714285,1,1,3,2.6666666666666665,8,18,0.0,0
471,Jsoup,20,1.0,0.0,1.0,1,1,1,2.0,2,21,0.0,0
472,Jsoup,21,0.72,0.3876923076923076,0.72,2,1,3,8.333333333333334,25,25,1.0,1
473,Jsoup,22,0.6689655172413793,0.5954022988505747,0.464367816091954,3,2,7,4.285714285714286,30,52,1.0,1
474,Jsoup,23,1.0,0.9,0.8105263157894737,2,1,2,10.0,20,14,0.0,0
475,Jsoup,24,1.0,1.0,1.0,1,1,1,1.0,1,17,0.0,0
476,Jsoup,25,1.0,1.0,1.0,1,1,1,2.0,2,24,0.0,0
477,Jsoup,26,1.0,0.0,1.0,1,1,1,1.0,1,11,0.0,0
478,Jsoup,27,0.4,0.4,0.4,1,2,1,5.0,5,27,1.0,1
479,Jsoup,28,0.680306905370844,0.5770623742454728,0.4774083546462063,3,3,10,6.9,69,74,7.0,3
480,Jsoup,29,1.0,1.0,1.0,1,1,1,2.0,2,8,0.0,0
481,Jsoup,2,0.3333333333333333,0.3333333333333333,0.3333333333333333,1,1,3,1.0,3,13,0.0,0
482,Jsoup,30,0.5098039215686274,0.4975541579315164,0.4705882352941176,1,1,8,6.375,51,15,6.0,3
483,Jsoup,31,0.5909090909090909,0.4545454545454545,0.4545454545454545,3,2,3,4.0,12,19,0.0,1
484,Jsoup,32,0.0,1.0,0.0,1,1,1,2.0,2,28,1.0,1
485,Jsoup,33,0.3333333333333333,1.0,1.0,2,1,3,1.0,3,8,0.0,0
486,Jsoup,34,0.0,0.0,0.0,1,2,2,1.0,2,15,1.0,0
487,Jsoup,35,0.3333333333333333,0.3333333333333333,0.3333333333333333,1,1,1,3.0,3,10,0.0,1
488,Jsoup,36,0.6298850574712643,0.503448275862069,0.6298850574712643,2,3,6,5.0,30,122,0.0,1
489,Jsoup,37,0.3333333333333333,0.5,1.0,2,1,2,2.0,4,11,0.0,0
490,Jsoup,38,0.4,0.4,0.4,1,1,1,6.0,6,12,0.0,1
491,Jsoup,39,0.5,0.7777777777777778,0.7777777777777778,1,1,2,4.5,9,20,0.0,1
492,Jsoup,3,0.6619718309859155,0.4973363774733638,0.4985915492957746,3,2,18,3.9444444444444446,71,39,8.0,5
493,Jsoup,40,0.4285714285714285,0.75,0.4285714285714285,2,2,4,2.0,8,26,0.0,0
494,Jsoup,41,0.875268817204301,0.875268817204301,0.6387096774193548,4,1,6,5.166666666666667,31,84,0.0,2
495,Jsoup,42,0.5238095238095238,0.5238095238095238,0.5238095238095238,1,1,2,3.5,7,15,1.0,1
496,Jsoup,43,1.0,0.0,1.0,1,1,1,2.0,2,25,0.0,0
497,Jsoup,44,1.0,0.2777777777777778,1.0,1,1,3,3.0,9,46,0.0,0
498,Jsoup,45,1.0,0.0,1.0,1,1,1,2.0,2,9,0.0,0
499,Jsoup,46,1.0,1.0,1.0,1,1,1,2.0,2,30,0.0,0
500,Jsoup,47,1.0,0.0,1.0,1,1,1,2.0,2,21,0.0,0
501,Jsoup,48,0.5495495495495496,0.6456456456456456,0.5495495495495496,1,2,4,9.25,37,33,0.0,1
502,Jsoup,49,0.3333333333333333,0.3333333333333333,0.3333333333333333,1,1,4,1.0,4,34,0.0,0
503,Jsoup,4,0.5,0.5,0.5,1,1,5,1.8,9,21,0.0,1
504,Jsoup,50,1.0,0.5476190476190477,1.0,1,1,2,10.5,21,38,0.0,0
505,Jsoup,51,1.0,0.0,1.0,1,1,1,2.0,2,10,0.0,0
506,Jsoup,52,0.5982932996207333,0.6065107458912768,0.7041719342604298,4,2,20,5.65,113,69,4.0,3
507,Jsoup,53,1.0,0.4,1.0,1,1,2,2.5,5,13,0.0,0
508,Jsoup,54,0.5,0.3333333333333333,0.5,1,1,1,4.0,4,19,0.0,1
509,Jsoup,55,1.0,1.0,1.0,1,1,1,1.0,1,13,0.0,0
510,Jsoup,56,0.7005347593582888,0.481981981981982,0.5026737967914439,5,1,12,2.833333333333333,34,44,0.0,2
511,Jsoup,57,0.4,0.4,0.4,1,2,2,2.5,5,46,0.0,0
512,Jsoup,58,0.5035460992907801,0.4880952380952381,0.6187943262411347,5,1,11,4.363636363636363,48,66,1.0,1
513,Jsoup,59,0.4666666666666667,0.4666666666666667,0.6666666666666666,2,2,4,1.5,6,17,0.0,1
514,Jsoup,5,0.3333333333333333,1.0,0.3333333333333333,1,1,1,3.0,3,16,1.0,1
515,Jsoup,60,0.5333333333333333,0.4222222222222222,0.5333333333333333,2,4,3,3.333333333333333,10,40,0.0,1
516,Jsoup,61,1.0,0.4,1.0,2,2,2,2.5,5,31,0.0,0
517,Jsoup,62,1.0,1.0,1.0,1,1,1,2.0,2,12,0.0,0
518,Jsoup,63,0.532608695652174,0.4782608695652174,0.6485507246376812,4,1,11,2.1818181818181817,24,32,3.0,2
519,Jsoup,64,0.3333333333333333,0.3333333333333333,0.3333333333333333,1,1,4,1.0,4,22,0.0,0
520,Jsoup,65,0.5151515151515151,0.4395604395604395,0.5151515151515151,2,1,4,3.0,12,40,0.0,0
521,Jsoup,66,1.0,0.8333333333333334,1.0,1,1,5,2.4,12,29,0.0,0
522,Jsoup,67,0.9102599179206566,0.8698209035017375,0.5214774281805745,3,2,15,5.733333333333333,86,55,0.0,2
523,Jsoup,68,0.696969696969697,0.696969696969697,0.696969696969697,1,2,2,6.0,12,32,3.0,1
524,Jsoup,69,1.0,0.4,1.0,1,1,1,5.0,5,23,0.0,0
525,Jsoup,6,0.5,0.3333333333333333,0.5,1,2,2,2.0,4,2063,1.0,1
526,Jsoup,70,0.4545454545454545,0.4545454545454545,0.4545454545454545,1,1,1,11.0,11,12,2.0,1
527,Jsoup,71,1.0,1.0,0.4507575757575757,4,1,3,11.0,33,58,0.0,0
528,Jsoup,72,1.0,1.0,1.0,1,2,1,2.0,2,21,0.0,0
529,Jsoup,73,0.7777777777777778,0.6111111111111112,0.7777777777777778,1,1,6,1.5,9,49,1.0,1
530,Jsoup,74,1.0,0.4,1.0,1,1,2,2.5,5,23,0.0,0
531,Jsoup,75,0.5636363636363636,0.5636363636363636,1.0,2,1,2,5.5,11,13,0.0,0
532,Jsoup,76,1.0,1.0,1.0,1,1,1,1.0,1,11,0.0,0
533,Jsoup,77,1.0,0.0,1.0,1,2,1,2.0,2,16,0.0,0
534,Jsoup,78,0.4666666666666667,0.4,1.0,3,2,3,2.0,6,76,0.0,0
535,Jsoup,79,1.0,0.3333333333333333,1.0,1,1,2,1.5,3,16,0.0,0
536,Jsoup,7,0.5402298850574713,0.464367816091954,0.5954022988505747,2,1,4,7.5,30,16,0.0,1
537,Jsoup,80,1.0,0.0,1.0,1,1,2,1.0,2,10,0.0,0
538,Jsoup,81,0.8057354301572618,0.8093971631205674,0.5911193339500462,3,1,4,11.75,47,34,0.0,1
539,Jsoup,82,0.4,0.4,0.4,1,1,1,6.0,6,18,0.0,1
540,Jsoup,83,1.0,0.7777777777777778,0.6111111111111112,2,2,4,2.25,9,30,0.0,0
541,Jsoup,84,0.4,0.6,0.4,1,1,2,2.5,5,23,1.0,1
542,Jsoup,85,1.0,0.0,1.0,1,1,2,1.5,3,13,0.0,0
543,Jsoup,86,1.0,1.0,1.0,1,1,1,2.0,2,12,0.0,0
544,Jsoup,87,0.8320728291316527,0.6264733775911123,0.5358543417366947,6,1,58,2.0689655172413794,120,37,5.0,5
545,Jsoup,88,1.0,1.0,1.0,1,1,1,2.0,2,15,0.0,0
546,Jsoup,89,0.4,0.4,0.4,1,1,3,1.6666666666666667,5,14,0.0,0
547,Jsoup,8,1.0,0.6,1.0,1,1,1,5.0,5,13,0.0,0
548,Jsoup,90,1.0,1.0,1.0,1,1,1,2.0,2,11,0.0,0
549,Jsoup,91,1.0,0.7251461988304093,0.7894736842105263,3,2,5,3.8,19,135,0.0,0
550,Jsoup,92,0.5671497584541063,0.4144927536231884,0.6260869565217392,6,2,9,5.111111111111111,46,72,0.0,3
551,Jsoup,93,0.3333333333333333,0.3333333333333333,0.3333333333333333,1,1,1,3.0,3,6,0.0,1
552,Jsoup,9,0.3333333333333333,0.3333333333333333,0.3333333333333333,1,1,2,2.0,4,16,0.0,0
553,JxPath,10,0.5,0.5,0.5,1,1,1,4.0,4,15,1.0,1
554,JxPath,11,0.3904761904761905,0.3809523809523809,0.4857142857142857,2,0,4,3.75,15,11,0.0,0
555,JxPath,12,0.4,0.4,0.4,2,1,2,3.0,6,100,0.0,0
556,JxPath,13,0.5436547500356075,0.4876033057851239,0.6707021791767555,5,1,23,5.173913043478261,119,52,0.0,6
557,JxPath,14,1.0,1.0,1.0,1,1,3,3.0,9,10,0.0,0
558,JxPath,15,0.4545454545454545,0.4696969696969697,0.4545454545454545,1,0,3,3.6666666666666665,11,10,0.0,1
559,JxPath,16,0.4,0.6,0.4,2,0,2,2.5,5,6,0.0,0
560,JxPath,17,0.4700854700854701,0.5156695156695157,0.4814814814814814,2,0,10,2.7,27,16,0.0,0
561,JxPath,18,0.5588235294117647,0.4117647058823529,1.0,1,0,3,5.666666666666667,17,11,0.0,0
562,JxPath,19,0.5253968253968254,0.5428571428571428,0.4857142857142857,2,1,11,3.272727272727273,36,84,0.0,0
563,JxPath,1,0.4,0.4,0.4,2,2,2,2.5,5,2,0.0,0
564,JxPath,20,1.0,0.6727272727272727,1.0,1,1,2,5.5,11,38,0.0,0
565,JxPath,21,0.2,0.2,0.6,2,2,2,2.5,5,65,0.0,1
566,JxPath,22,0.3777777777777777,0.2666666666666666,0.2666666666666666,1,1,3,3.333333333333333,10,50,1.0,2
567,JxPath,2,1.0,0.3555555555555555,0.6444444444444445,1,1,3,3.333333333333333,10,11,0.0,0
568,JxPath,3,1.0,0.6545454545454545,1.0,1,1,3,3.6666666666666665,11,73,0.0,0
569,JxPath,4,0.4320436507936508,0.6404341926729986,0.4965277777777778,2,1,18,3.555555555555556,64,152,0.0,1
570,JxPath,5,1.0,1.0,1.0,1,1,1,4.0,4,22,0.0,0
571,JxPath,6,1.0,0.4888888888888889,1.0,1,1,2,5.0,10,8,0.0,0
572,JxPath,7,0.5592128801431127,0.4792663476874003,0.5920095408467502,5,1,9,14.444444444444445,130,80,0.0,5
573,JxPath,8,0.5147058823529411,0.4705882352941176,0.5147058823529411,1,1,3,5.666666666666667,17,14,0.0,1
574,JxPath,9,0.6036706349206349,0.4608763693270735,0.6552579365079365,3,1,12,5.333333333333333,64,24,1.0,3
575,Lang,10,1.0,1.0,1.0,1,1,2,4.5,9,47,0.0,0
576,Lang,11,1.0,0.1666666666666666,1.0,1,1,1,4.0,4,12,0.0,0
577,Lang,12,0.4615384615384615,0.4615384615384615,0.4615384615384615,1,1,4,3.25,13,33,0.0,1
578,Lang,13,1.0,1.0,1.0,1,1,4,4.75,19,14,0.0,0
579,Lang,14,0.5636363636363636,0.5636363636363636,0.5636363636363636,1,1,1,11.0,11,96,0.0,1
580,Lang,15,0.4947368421052631,0.5210526315789473,0.4947368421052631,1,0,3,6.666666666666667,20,3,0.0,0
581,Lang,16,1.0,0.0,1.0,1,1,1,2.0,2,11,0.0,0
582,Lang,17,0.6147186147186147,0.5757575757575758,0.6147186147186147,1,1,3,7.333333333333333,22,16,7.0,2
583,Lang,18,1.0,1.0,1.0,1,1,2,3.0,6,13,0.0,0
584,Lang,19,0.5238095238095238,0.4571428571428571,0.5238095238095238,1,1,5,3.0,15,25,2.0,2
585,Lang,1,1.0,0.717948717948718,1.0,1,1,3,4.333333333333333,13,37,0.0,0
586,Lang,20,0.7523809523809524,0.7523809523809524,0.7523809523809524,1,1,4,3.75,15,12,2.0,2
587,Lang,21,1.0,0.0,1.0,1,1,1,2.0,2,8,0.0,0
588,Lang,22,1.0,0.75,1.0,1,1,1,8.0,8,13,0.0,0
589,Lang,23,1.0,0.5096774193548387,1.0,1,1,2,15.5,31,68,0.0,0
590,Lang,24,1.0,0.0,1.0,1,1,1,2.0,2,6,0.0,0
591,Lang,25,1.0,0.573025856044724,1.0,1,0,1,54.0,54,0,0.0,0
592,Lang,26,1.0,1.0,1.0,1,1,1,2.0,2,12,0.0,0
593,Lang,27,1.0,0.6,1.0,1,1,2,2.5,5,3,0.0,0
594,Lang,28,1.0,1.0,1.0,1,1,2,3.0,6,37,0.0,0
595,Lang,29,1.0,1.0,1.0,1,1,1,2.0,2,30,0.0,0
596,Lang,30,0.4631207757860711,0.4390243902439024,0.4196297384660593,1,1,18,4.611111111111111,83,1147,2.0,8
597,Lang,31,0.4666666666666667,0.4666666666666667,0.4666666666666667,1,1,5,3.2,16,55,0.0,2
598,Lang,32,0.925925925925926,0.4973544973544973,0.7948717948717948,1,1,5,5.4,27,4,1.0,1
599,Lang,33,1.0,1.0,1.0,1,1,1,2.0,2,6,0.0,0
600,Lang,34,0.5714285714285714,0.5714285714285714,0.5714285714285714,1,1,2,4.0,8,65,2.0,2
601,Lang,35,0.717948717948718,0.717948717948718,0.717948717948718,1,1,2,6.5,13,28,2.0,2
602,Lang,36,1.0,0.5357142857142857,1.0,1,1,2,4.0,8,8,0.0,0
603,Lang,37,0.5151515151515151,0.5151515151515151,0.5151515151515151,1,1,3,4.0,12,23,0.0,0
604,Lang,38,1.0,1.0,1.0,1,1,1,1.0,1,13,0.0,0
605,Lang,39,1.0,1.0,1.0,1,1,1,3.0,3,4,0.0,0
606,Lang,3,0.4666666666666667,0.4666666666666667,0.4666666666666667,1,1,6,1.0,6,14,0.0,0
607,Lang,40,1.0,0.7777777777777778,1.0,1,1,1,9.0,9,40,0.0,0
608,Lang,41,0.8466666666666667,0.4233333333333333,0.8466666666666667,1,1,5,5.0,25,56,0.0,0
609,Lang,42,1.0,1.0,1.0,1,1,2,4.5,9,14,0.0,0
610,Lang,43,1.0,1.0,1.0,1,1,1,1.0,1,9,0.0,0
611,Lang,44,1.0,1.0,1.0,1,1,1,3.0,3,12,0.0,0
612,Lang,45,1.0,1.0,1.0,1,1,1,3.0,3,3,0.0,0
613,Lang,46,1.0,1.0,1.0,1,1,9,1.8888888888888888,17,18,0.0,0
614,Lang,47,1.0,1.0,1.0,1,1,2,3.0,6,13,0.0,0
615,Lang,48,1.0,1.0,1.0,1,1,2,2.0,4,9,0.0,0
616,Lang,49,1.0,0.3333333333333333,1.0,1,0,1,3.0,3,0,0.0,0
617,Lang,4,1.0,0.3928571428571428,1.0,1,1,4,2.0,8,20,0.0,0
618,Lang,50,0.5,0.875,1.0,1,1,6,2.6666666666666665,16,42,0.0,3
619,Lang,51,1.0,1.0,1.0,1,1,1,1.0,1,2,0.0,0
620,Lang,52,1.0,1.0,1.0,1,1,1,4.0,4,2,0.0,0
621,Lang,53,0.3333333333333333,1.0,1.0,1,1,4,1.0,4,63,0.0,0
622,Lang,54,1.0,1.0,1.0,1,1,1,3.0,3,7,0.0,0
623,Lang,55,1.0,1.0,1.0,1,1,2,1.0,2,12,0.0,0
624,Lang,56,1.0,1.0,1.0,1,1,3,2.6666666666666665,8,13,0.0,0
625,Lang,57,1.0,1.0,1.0,1,1,1,2.0,2,7,0.0,0
626,Lang,58,0.4,0.4,0.4,2,1,2,3.0,6,6,0.0,0
627,Lang,59,1.0,0.0,1.0,1,1,1,2.0,2,7,0.0,0
628,Lang,5,0.4650980392156862,0.5467571644042232,0.476078431372549,1,1,9,5.666666666666667,51,47,1.0,4
629,Lang,60,1.0,0.3333333333333333,1.0,1,1,2,2.0,4,8,0.0,0
630,Lang,61,0.3333333333333333,0.3333333333333333,0.3333333333333333,1,1,2,1.5,3,13,1.0,0
631,Lang,62,1.0,1.0,1.0,1,1,4,2.0,8,9,0.0,0
632,Lang,63,0.9130434782608696,0.9130434782608696,0.9130434782608696,1,1,4,5.75,23,41,1.0,1
633,Lang,64,1.0,0.3203463203463203,1.0,1,2,2,10.5,21,214,0.0,0
634,Lang,65,0.9333333333333332,0.2588235294117647,1.0,1,1,3,10.0,30,100,0.0,0
635,Lang,6,1.0,1.0,1.0,1,1,1,2.0,2,11,0.0,0
636,Lang,7,1.0,0.4666666666666667,1.0,1,1,2,3.0,6,23,0.0,0
637,Lang,8,0.8571428571428571,0.8571428571428571,0.8571428571428571,1,1,4,3.5,14,29,2.0,1
638,Lang,9,1.0,1.0,1.0,1,1,1,3.0,3,6,0.0,0
639,Math,100,1.0,0.6666666666666666,1.0,1,1,3,2.0,6,47,0.0,0
640,Math,101,0.3333333333333333,0.5,0.3333333333333333,1,1,1,4.0,4,10,1.0,1
641,Math,102,0.5714285714285714,0.3904761904761905,0.6761904761904762,1,2,4,5.25,21,50,0.0,1
642,Math,103,1.0,1.0,1.0,1,1,2,5.0,10,32,0.0,0
643,Math,104,0.3333333333333333,0.3333333333333333,0.3333333333333333,2,2,2,2.0,4,19,0.0,0
644,Math,105,1.0,1.0,1.0,1,1,1,2.0,2,32,0.0,0
645,Math,106,1.0,0.5714285714285714,1.0,1,1,2,4.0,8,33,0.0,0
646,Math,10,1.0,1.0,1.0,1,1,1,1.0,1,32,0.0,0
647,Math,11,1.0,1.0,1.0,1,1,1,2.0,2,24,0.0,0
648,Math,12,0.4,0.4,0.4,1,1,1,5.0,5,53,1.0,1
649,Math,13,0.8666666666666667,0.5,1.0,2,1,3,5.0,15,30,0.0,0
650,Math,14,0.4725274725274725,0.6373626373626373,0.5604395604395604,2,1,3,4.666666666666667,14,30,1.0,1
651,Math,15,1.0,1.0,1.0,1,1,2,1.5,3,14,0.0,0
652,Math,16,0.4534534534534534,0.50472334682861,0.4534534534534534,1,1,6,6.166666666666667,37,51,0.0,4
653,Math,17,0.4285714285714285,0.4285714285714285,0.4285714285714285,1,1,1,7.0,7,28,0.0,1
654,Math,18,1.0,0.6222222222222222,1.0,1,1,5,2.0,10,8,0.0,0
655,Math,19,1.0,1.0,1.0,1,1,1,12.0,12,43,0.0,0
656,Math,1,0.5,0.5,0.5,2,2,4,2.25,9,28,0.0,0
657,Math,20,0.5238095238095238,0.5238095238095238,0.5238095238095238,1,1,2,3.5,7,32,1.0,1
658,Math,21,0.4951219512195122,0.4963414634146341,0.4951219512195122,1,2,10,4.1,41,189,0.0,1
659,Math,22,0.3333333333333333,0.3333333333333333,0.3333333333333333,3,1,2,2.0,4,57,0.0,0
660,Math,23,0.477124183006536,0.4904761904761904,0.477124183006536,1,1,6,3.0,18,63,1.0,1
661,Math,24,0.6491228070175439,0.6491228070175439,0.6491228070175439,1,1,3,6.333333333333333,19,46,0.0,0
662,Math,25,1.0,1.0,1.0,2,1,2,2.5,5,35,0.0,0
663,Math,26,1.0,0.3333333333333333,1.0,1,1,2,2.0,4,3,0.0,0
664,Math,27,1.0,1.0,1.0,1,1,1,2.0,2,14,0.0,0
665,Math,28,0.5238095238095238,0.4666666666666667,0.4285714285714285,1,1,5,1.4,7,26,0.0,0
666,Math,29,1.0,0.631578947368421,1.0,1,1,2,9.5,19,29,0.0,0
667,Math,2,1.0,0.0,1.0,1,1,1,2.0,2,20,0.0,0
668,Math,30,1.0,1.0,1.0,0,2,0,,0,18,0.0,0
669,Math,31,0.4976076555023923,0.5100873230954531,0.5311004784688995,1,2,7,11.0,77,67,16.0,4
670,Math,32,0.3333333333333333,1.0,0.3333333333333333,1,1,1,3.0,3,59,1.0,1
671,Math,33,1.0,1.0,1.0,1,1,1,2.0,2,24,0.0,0
672,Math,34,1.0,0.0,1.0,1,1,1,2.0,2,33,0.0,0
673,Math,35,1.0,0.3333333333333333,1.0,1,1,2,2.0,4,62,0.0,0
674,Math,36,0.5294117647058824,0.5294117647058824,0.5294117647058824,1,1,2,9.0,18,33,0.0,2
675,Math,37,1.0,0.3986928104575163,1.0,1,1,4,4.0,16,39,0.0,0
676,Math,38,0.5604395604395604,0.5604395604395604,0.5604395604395604,1,1,6,2.333333333333333,14,69,2.0,1
677,Math,39,1.0,0.4444444444444444,1.0,1,2,1,9.0,9,55,0.0,0
678,Math,3,1.0,0.3333333333333333,1.0,1,1,1,3.0,3,14,0.0,0
679,Math,40,1.0,0.8,1.0,1,1,2,5.0,10,20,0.0,0
680,Math,41,1.0,1.0,1.0,1,1,1,2.0,2,35,0.0,0
681,Math,42,1.0,0.3,1.0,1,1,1,4.0,4,21,0.0,0
682,Math,43,1.0,0.4,1.0,1,1,3,2.0,6,45,0.0,0
683,Math,44,1.0,0.4761904761904761,1.0,1,1,3,2.333333333333333,7,66,0.0,0
684,Math,45,1.0,1.0,1.0,1,1,1,5.0,5,34,0.0,0
685,Math,46,1.0,0.3333333333333333,1.0,1,1,2,2.0,4,10,0.0,0
686,Math,47,0.4696969696969697,0.4696969696969697,0.4696969696969697,1,1,5,2.4,12,23,1.0,1
687,Math,48,1.0,0.0,1.0,4,1,1,3.0,3,90,0.0,0
688,Math,49,1.0,1.0,1.0,1,1,4,2.0,8,26,0.0,0
689,Math,4,1.0,0.238095238095238,0.4,2,2,2,3.0,6,19,0.0,0
690,Math,50,0.4,0.4,0.4,1,1,1,6.0,6,6,1.0,1
691,Math,51,0.5800865800865801,0.4718614718614718,0.4588744588744589,1,1,6,3.6666666666666665,22,26,0.0,2
692,Math,52,0.8592800374006545,0.8428277282086479,0.8592800374006545,1,1,10,9.3,93,48,0.0,2
693,Math,53,1.0,1.0,1.0,1,1,1,3.0,3,7,0.0,0
694,Math,54,1.0,1.0,1.0,1,1,2,4.0,8,17,0.0,0
695,Math,55,0.6442687747035574,0.6442687747035574,0.6442687747035574,1,1,1,23.0,23,32,1.0,1
696,Math,56,1.0,0.75,1.0,1,1,1,8.0,8,19,0.0,0
697,Math,57,1.0,1.0,1.0,1,1,1,2.0,2,85,0.0,0
698,Math,58,0.871264367816092,0.9333333333333332,0.9333333333333332,1,1,4,7.5,30,192,1.0,1
699,Math,59,1.0,1.0,1.0,1,1,1,2.0,2,22,0.0,0
700,Math,5,1.0,1.0,1.0,1,1,1,2.0,2,5,0.0,0
701,Math,60,0.575,0.3970588235294117,0.575,1,1,2,8.0,16,27,0.0,1
702,Math,61,0.95,0.951219512195122,0.8576923076923076,2,1,7,5.714285714285714,40,83,1.0,1
703,Math,62,0.5906432748538012,0.7894736842105263,0.5906432748538012,1,1,4,4.75,19,15,2.0,2
704,Math,63,0.8669950738916257,0.5862068965517241,0.8669950738916257,1,1,11,2.636363636363636,29,60,0.0,0
705,Math,64,0.7368421052631579,0.4426829268292683,0.7354925775978407,2,1,12,3.25,39,22,4.0,1
706,Math,65,0.6363636363636364,0.5636363636363636,0.8181818181818182,3,1,3,3.6666666666666665,11,14,1.0,1
707,Math,66,0.4973404255319149,0.4902482269503546,0.5328014184397163,3,2,16,3.0,48,113,9.0,5
708,Math,67,1.0,1.0,1.0,2,1,2,2.0,4,35,0.0,0
709,Math,68,1.0,1.0,1.0,1,2,7,2.0,14,53,0.0,1
710,Math,69,1.0,0.0,1.0,1,1,1,2.0,2,25,0.0,0
711,Math,6,0.8669950738916257,0.4975369458128079,0.1428571428571428,7,6,17,1.7058823529411764,29,63,0.0,1
712,Math,70,1.0,0.0,1.0,1,1,1,2.0,2,9,0.0,0
713,Math,71,0.4666666666666667,0.6571428571428571,0.8857142857142857,4,2,4,3.75,15,139,0.0,0
714,Math,72,1.0,0.1666666666666666,1.0,1,1,2,2.0,4,15,0.0,0
715,Math,73,0.4909090909090909,0.4909090909090909,0.4909090909090909,1,1,3,3.6666666666666665,11,12,0.0,0
716,Math,74,0.4358974358974359,0.4487179487179487,0.4358974358974359,1,4,2,6.5,13,19,3.0,2
717,Math,75,1.0,0.0,1.0,1,1,1,2.0,2,6,0.0,0
718,Math,76,0.5517241379310345,0.463458110516934,0.496551724137931,1,1,15,2.0,30,116,2.0,4
719,Math,77,0.6954802259887005,0.6954802259887005,0.5322033898305085,3,2,7,8.571428571428571,60,48,4.0,2
720,Math,78,0.4782608695652174,0.5098814229249012,0.4782608695652174,1,1,2,11.5,23,85,0.0,0
721,Math,79,1.0,1.0,1.0,1,1,2,2.0,4,27,0.0,0
722,Math,7,0.477124183006536,0.3529411764705882,0.7908496732026143,1,1,4,4.5,18,75,1.0,1
723,Math,80,1.0,1.0,1.0,1,1,1,2.0,2,50,0.0,0
724,Math,81,0.4615384615384615,0.4615384615384615,0.4615384615384615,1,1,3,4.666666666666667,14,40,0.0,1
725,Math,82,0.7142857142857143,0.4285714285714285,0.7142857142857143,1,1,1,7.0,7,18,1.0,1
726,Math,83,0.7192982456140351,0.7192982456140351,0.7192982456140351,1,1,5,3.8,19,32,3.0,3
727,Math,84,1.0,1.0,1.0,1,1,2,4.5,9,151,0.0,0
728,Math,85,1.0,1.0,1.0,2,2,1,2.0,2,32,0.0,0
729,Math,86,1.0,1.0,1.0,1,1,2,3.0,6,74,0.0,0
730,Math,87,0.6666666666666666,0.6666666666666666,1.0,1,1,3,2.0,6,15,0.0,0
731,Math,88,0.6296296296296297,0.7378917378917379,0.5726495726495726,1,1,5,5.4,27,103,4.0,2
732,Math,89,1.0,1.0,1.0,1,1,2,2.0,4,14,0.0,0
733,Math,8,0.4,0.4,0.4,1,1,2,2.5,5,19,1.0,1
734,Math,90,0.5,1.0,0.5,1,1,2,2.0,4,31,0.0,0
735,Math,91,0.7362637362637363,0.7523809523809524,0.7362637362637363,1,1,1,14.0,14,16,2.0,1
736,Math,92,0.9622641509433962,0.6673400673400673,1.0,1,1,4,13.25,53,143,1.0,0
737,Math,93,0.4857142857142857,0.4857142857142857,0.4857142857142857,1,1,6,3.5,21,10,0.0,0
738,Math,94,1.0,0.0,1.0,1,1,1,2.0,2,6,0.0,0
739,Math,95,0.4642857142857143,0.4285714285714285,0.4642857142857143,1,1,1,8.0,8,19,1.0,1
740,Math,96,0.6,0.6,0.6,1,1,1,5.0,5,10,1.0,1
741,Math,97,0.5454545454545454,0.463768115942029,0.5151515151515151,2,1,5,4.4,22,45,3.0,2
742,Math,98,1.0,0.5,0.3333333333333333,2,2,2,2.0,4,30,0.0,0
743,Math,99,0.5362318840579711,0.5362318840579711,0.4927536231884058,2,1,5,4.8,24,105,0.0,1
744,Math,9,0.3333333333333333,0.5,0.3333333333333333,1,1,1,4.0,4,19,1.0,1
745,Mockito,10,0.5294117647058824,0.5294117647058824,0.5294117647058824,1,1,6,3.0,18,44,2.0,2
746,Mockito,11,0.4083333333333333,0.4083333333333333,0.4083333333333333,1,1,2,8.0,16,63,1.0,2
747,Mockito,12,1.0,0.5,1.0,1,1,2,2.0,4,18,0.0,0
748,Mockito,13,1.0,1.0,1.0,1,1,2,2.0,4,11,0.0,1
749,Mockito,14,0.7428571428571429,0.6761904761904762,0.9809523809523808,3,1,4,5.25,21,45,0.0,0
750,Mockito,15,0.5746835443037974,0.950632911392405,0.859493670886076,7,2,11,7.272727272727272,80,236,0.0,0
751,Mockito,16,0.6444444444444445,0.6444444444444445,0.6444444444444445,3,2,6,1.6666666666666667,10,59,19.0,0
752,Mockito,17,0.556923076923077,0.556923076923077,0.5907692307692308,3,3,5,5.2,26,64,20.0,3
753,Mockito,18,1.0,1.0,1.0,1,1,1,2.0,2,42,0.0,0
754,Mockito,19,0.719758064516129,0.719758064516129,0.4052419354838709,5,1,8,4.0,32,37,2.0,3
755,Mockito,1,1.0,1.0,1.0,1,0,2,6.5,13,0,0.0,0
756,Mockito,20,0.473015873015873,0.8428571428571429,0.753968253968254,2,0,7,5.142857142857143,36,32,2.0,2
757,Mockito,21,0.6043010752688172,0.6387096774193548,0.6387096774193548,1,1,6,5.166666666666667,31,6,1.0,1
758,Mockito,22,1.0,1.0,1.0,1,1,1,4.0,4,9,0.0,0
759,Mockito,23,0.6666666666666666,0.72,1.0,4,1,8,3.125,25,80,0.0,0
760,Mockito,24,1.0,1.0,1.0,1,2,1,2.0,2,37,0.0,0
761,Mockito,25,0.8251318861887054,0.8471849865951743,0.8148404393323532,7,4,19,19.63157894736842,373,675,1.0,6
762,Mockito,26,0.543859649122807,0.9001349527665317,0.543859649122807,2,4,5,7.8,39,87,0.0,1
763,Mockito,27,0.717948717948718,0.717948717948718,0.717948717948718,1,1,3,4.333333333333333,13,29,1.0,1
764,Mockito,28,0.545045045045045,0.7972972972972973,0.512012012012012,3,1,12,3.083333333333333,37,57,1.0,2
765,Mockito,29,1.0,1.0,1.0,1,1,1,2.0,2,26,0.0,0
766,Mockito,2,0.4725274725274725,0.4725274725274725,1.0,2,2,3,4.666666666666667,14,58,0.0,1
767,Mockito,30,0.6,1.0,0.4,2,1,3,1.6666666666666667,5,20,0.0,0
768,Mockito,31,0.4666666666666667,0.4666666666666667,0.4666666666666667,1,1,2,3.0,6,19,1.0,1
769,Mockito,32,1.0,1.0,1.0,1,1,1,5.0,5,37,0.0,0
770,Mockito,33,0.6571428571428571,0.6571428571428571,0.6571428571428571,1,1,1,15.0,15,79,1.0,1
771,Mockito,34,1.0,1.0,1.0,1,2,1,2.0,2,58,18.0,0
772,Mockito,35,1.0,0.4666666666666667,1.0,3,1,5,2.0,10,12,18.0,0
773,Mockito,36,1.0,1.0,1.0,1,2,1,3.0,3,19,18.0,0
774,Mockito,37,0.4736842105263157,0.5210526315789473,0.9,5,2,4,5.0,20,85,18.0,2
775,Mockito,38,1.0,1.0,1.0,1,2,1,2.0,2,45,18.0,0
776,Mockito,3,0.4871794871794871,0.5156695156695157,0.5156695156695157,1,0,5,5.4,27,27,3.0,2
777,Mockito,4,0.58,0.58,0.58,1,2,10,2.5,25,95,0.0,1
778,Mockito,5,0.0,0.0,0.0,1,2,1,2.0,2,264,1.0,1
779,Mockito,6,1.0,1.0,1.0,1,3,20,2.0,40,89,0.0,0
780,Mockito,7,0.6,0.6,0.6,1,2,2,2.5,5,32,0.0,0
781,Mockito,8,1.0,1.0,1.0,1,1,1,2.0,2,9,0.0,0
782,Mockito,9,1.0,1.0,1.0,1,1,1,3.0,3,31,0.0,0
783,Time,10,1.0,1.0,1.0,1,0,2,1.5,3,74,0.0,0
784,Time,11,1.0,1.0,1.0,1,0,2,3.5,7,31,0.0,0
785,Time,12,0.6339869281045751,0.6339869281045751,0.4705882352941176,2,0,6,3.0,18,122,2.0,4
786,Time,13,1.0,0.4,1.0,1,0,3,2.0,6,25,0.0,0
787,Time,14,1.0,1.0,1.0,1,0,1,5.0,5,92,0.0,0
788,Time,15,0.6176470588235294,0.5588235294117647,0.6911764705882353,1,0,4,4.25,17,49,0.0,0
789,Time,16,1.0,1.0,1.0,1,0,1,2.0,2,118,0.0,0
790,Time,17,0.62,0.4733333333333333,0.62,1,0,2,12.5,25,53,4.0,2
791,Time,18,0.6571428571428571,0.6571428571428571,0.6571428571428571,1,0,2,7.5,15,23,0.0,1
792,Time,19,1.0,1.0,1.0,1,0,1,2.0,2,35,0.0,0
793,Time,1,0.6373626373626373,0.5054945054945055,0.6373626373626373,2,0,3,4.666666666666667,14,0,0.0,0
794,Time,20,0.8,0.3090909090909091,1.0,1,0,3,3.333333333333333,10,13,0.0,0
795,Time,22,0.696969696969697,0.9242424242424242,0.696969696969697,3,0,3,4.0,12,84,1.0,1
796,Time,23,0.6205533596837944,0.5968379446640316,0.5968379446640316,1,0,10,2.3,23,62,0.0,1
797,Time,24,1.0,0.4,1.0,1,0,1,5.0,5,79,0.0,0
798,Time,25,0.475,0.475,0.475,1,0,4,4.0,16,101,0.0,0
799,Time,26,1.0,1.0,0.4266666666666667,3,0,9,2.7777777777777777,25,175,0.0,0
800,Time,27,0.0,0.0,1.0,1,0,2,1.0,2,29,0.0,0
801,Time,2,0.7362637362637363,0.4615384615384615,0.5054945054945055,2,0,5,2.8,14,26,0.0,0
802,Time,3,0.4736842105263157,0.9,1.0,1,0,20,1.0,20,194,0.0,0
803,Time,4,1.0,0.0,1.0,1,0,1,2.0,2,27,0.0,0
804,Time,5,0.6442687747035574,0.7628458498023716,0.7628458498023716,1,0,3,7.666666666666667,23,46,0.0,0
805,Time,6,1.0,0.8523076923076923,1.0,1,0,3,8.666666666666666,26,152,0.0,0
806,Time,7,0.3333333333333333,0.3333333333333333,0.3333333333333333,1,0,2,1.5,3,79,1.0,0
807,Time,8,1.0,0.7142857142857143,1.0,1,0,3,2.333333333333333,7,57,0.0,0
808,Time,9,0.4615384615384615,0.4395604395604395,1.0,1,0,6,2.1666666666666665,13,29,0.0,0
